LID,First Name,Last Name,Email,Gender,Phone,address,city
101,Andrew,Montgomery,a.montgomery@randatmail.com,Male,684996610,jl bojong swan 1,Bandung
102,Nicole,West,n.west@randatmail.com,Female,495791317,jl bojong swan 2,Bandung
103,Chloe,Brooks,c.brooks@randatmail.com,Female,553759404,jl bojong swan 3,Bandung
104,Haris,Farrell,h.farrell@randatmail.com,Male,534953209,jl bojong swan 4,Bandung
105,Chester,Elliott,c.elliott@randatmail.com,Male,115681478,jl bojong swan 5,Bandung
106,Steven,Douglas,s.douglas@randatmail.com,Male,207299561,jl bojong swan 6,Bandung
107,Florrie,Andrews,f.andrews@randatmail.com,Female,176349626,jl bojong swan 7,Bandung
108,Heather,Thomas,h.thomas@randatmail.com,Female,209708033,jl bojong swan 8,Bandung
109,Luke,Jones,l.jones@randatmail.com,Male,627009626,jl bojong swan 9,Bandung
110,Victor,Williams,v.williams@randatmail.com,Male,045394744,jl bojong swan 10,Bandung
111,Abraham,Richardson,a.richardson@randatmail.com,Male,140462993,jl bojong swan 11,Bandung
112,Florrie,Barrett,f.barrett@randatmail.com,Female,754957973,jl bojong swan 12,Bandung
113,Frederick,Baker,f.baker@randatmail.com,Male,929511349,jl bojong swan 13,Bandung
114,Max,Richardson,m.richardson@randatmail.com,Male,972046344,jl bojong swan 14,Bandung
115,Charlotte,Armstrong,c.armstrong@randatmail.com,Female,067162012,jl bojong swan 15,Bandung
116,Miller,Grant,m.grant@randatmail.com,Male,851369342,jl bojong swan 16,Bandung
117,Deanna,Turner,d.turner@randatmail.com,Female,463545877,jl bojong swan 17,Bandung
118,Fiona,Warren,f.warren@randatmail.com,Female,728755648,jl bojong swan 18,Bandung
119,Camila,Perkins,c.perkins@randatmail.com,Female,061383249,jl bojong swan 19,Bandung
120,Cherry,Andrews,c.andrews@randatmail.com,Female,321428588,jl bojong swan 20,Bandung
121,Kate,Jones,k.jones@randatmail.com,Female,762568535,jl bojong swan 21,Bandung
122,Alen,Reed,a.reed@randatmail.com,Male,702322630,jl bojong swan 22,Bandung
123,Adison,Harris,a.harris@randatmail.com,Male,433251981,jl bojong swan 23,Bandung
124,Frederick,Barnes,f.barnes@randatmail.com,Male,924224686,jl bojong swan 24,Bandung
125,Arthur,Murray,a.murray@randatmail.com,Male,368292002,jl bojong swan 25,Bandung
126,Penelope,Martin,p.martin@randatmail.com,Female,493143439,jl bojong swan 26,Bandung
127,Rebecca,Harris,r.harris@randatmail.com,Female,918606794,jl bojong swan 27,Bandung
128,Dexter,Chapman,d.chapman@randatmail.com,Male,693335369,jl bojong swan 28,Bandung
129,Adrian,Walker,a.walker@randatmail.com,Male,176396708,jl bojong swan 29,Bandung
130,Kate,Davis,k.davis@randatmail.com,Female,668718651,jl bojong swan 30,Bandung
